MemberNo,TransactionDate,Comments, Amount ,,,,,
1584,29/06/2018,Various Needs Expenses," 4,162.01 ",,,,,
1696,28/06/2018,Educational Tour, 600.00 ,,,,,
1738,27/06/2018,Day care," 1,000.00 ",,,,,
1585,25/06/2018,Tuition & Uniforms," 9,530.00 ",,,,,
1587,22/06/2018,Clothes," 1,500.00 ",,,,,
1644,22/06/2018,Property Rates, 433.45 ,,,,,
1426,22/06/2018,School Jersey & Transport, 380.00 ,,,,,
1675,22/06/2018,School Shoes, 550.00 ,,,,,
1674,22/06/2018,Educational Tour, 280.00 ,,,,,
628,19/06/2018,Clothes and Medical Expenses," 2,954.45 ",,,,,
330,18/06/2018,Trip & Project Money, 380.00 ,,,,,
340,18/06/2018,Trip & Project Money," 1,450.00 ",,,,,
1597,18/06/2018,IDM Registration Fee," 5,000.00 ",,,,,
192,18/06/2018,Various Requirements," 1,800.00 ",,,,,
891,15/06/2018,Passout Outfit," 9,290.00 ",,,,,
1694,15/06/2018,Educational Tour, 600.00 ,,,,,
1693,15/06/2018,Educational Tour, 600.00 ,,,,,
1731,15/06/2018,Late Payment Penalty, 250.00 ,,,,,
1655,15/06/2018,Various Items," 2,379.39 ",,,,,
741,15/06/2018,Clothes & Toilet Construction Contribution," 1,752.00 ",,,,,
736,15/06/2018,Clothes & Toilet Construction Contribution," 1,782.00 ",,,,,
84,15/06/2018,Laptop acquisition," 6,000.00 ",,,,,
1615,13/06/2018,Winter Clothes," 1,149.91 ",,,,,
1590,13/06/2018,"Stationery, Text Book & Toiletry", 485.50 ,,,,,
593,11/06/2018,Educational Tour related Expenses," 6,500.00 ",,,,,
588,11/06/2018,Educational Tour related Expenses," 6,500.00 ",,,,,
1550,11/06/2018,"Sneakers, Tour Trip"," 2,941.00 ",,,,,
1678,08/06/2018,Missed School trip/Pocket Money Transaction 16/06/2018, 600.00 ,,,,,
1596,08/06/2018,Past Exam Papers, 818.78 ,,,,,
1725,07/06/2018,School Uniforms," 1,623.95 ",,,,,
1724,07/06/2018,School Uniforms," 1,623.94 ",,,,,
1723,07/06/2018,School Uniforms, 575.96 ,,,,,
1658,07/06/2018,Educational Tour, 200.00 ,,,,,
1681,07/06/2018,Monthly requirements," 7,500.00 ",,,,,
994,05/06/2018,Transport Fares for 6 Months, 900.00 ,,,,,
989,05/06/2018,Transport Fares for 6 Months, 900.00 ,,,,,
1576,04/06/2018,Food Allowance, 350.00 ,,,,,
1575,04/06/2018,Food Allowance, 350.00 ,,,,,
1574,04/06/2018,Food Allowance, 350.00 ,,,,,
1573,04/06/2018,Food Allowance, 350.00 ,,,,,
1741,04/06/2018,Fees & Winter Clothes," 4,858.87 ",,,,,
1673,04/06/2018,Commuting Allowance," 1,000.00 ",,,,,
1675,01/06/2018,Clothes & Transport," 2,336.88 ",,,,,
1674,01/06/2018,Clothes & Transport," 2,779.93 ",,,,,
1597,29/05/2018,IDM Application Fee, 300.00 ,,,,,
1687,29/05/2018,Sustenance," 1,000.00 ",,,,,
1726,22/05/2018,School Fees," 3,650.00 ",,,,,
1572,22/05/2018,Transport & Uniform," 3,025.00 ",,,,,
1566,22/05/2018,"Fees, Lunch & Transport"," 8,275.00 ",,,,,
1732,22/05/2018,Fees & Track," 2,450.00 ",,,,,
1107,22/05/2018,A/c to Close," 3,677.94 ",,,,,
1736,21/05/2018,Consumer Science Project, 600.00 ,,,,,
1735,21/05/2018,Consumer Science Project, 800.00 ,,,,,
886,21/05/2018,Uniforms, 407.96 ,,,,,
844,21/05/2018,Uniforms, 615.97 ,,,,,
860,21/05/2018,Uniforms, 616.96 ,,,,,
37,17/05/2018,1st & 2nd Term Fees," 4,330.00 ",,,,,
1737,15/05/2018,Medication & Sustenance," 1,136.47 ",,,,,
206,15/05/2018,Clothing/Transport/Uniform," 2,000.00 ",,,,,
1694,15/05/2018,Winter Clothing, 909.93 ,,,,,
1693,15/05/2018,Winter Clothing, 909.93 ,,,,,
1692,15/05/2018,Winter Clothing, 909.93 ,,,,,
1513,15/05/2018,"Fees, Transport, Uniform"," 11,000.00 ",,,,,
192,14/05/2018,Wardrobe," 2,200.00 ",,,,,
1180,14/05/2018,Uniform, 441.96 ,,,,,
1170,14/05/2018,Uniform, 429.94 ,,,,,
1154,14/05/2018,Uniform, 711.94 ,,,,,
696,14/05/2018,Extra Tutorials & Materials," 1,630.00 ",,,,,
1730,11/05/2018,"Fees, Food & Medical"," 15,500.00 ",,,,,
1658,08/05/2018,School Fees," 2,104.00 ",,,,,
1299,08/05/2018,Various Items, 982.20 ,,,,,
1637,08/05/2018,Transport Fares," 2,160.00 ",,,,,
1636,08/05/2018,Transport Fares, 740.00 ,,,,,
490,08/05/2018,Second Term Fees," 8,567.00 ",,,,,
1004,07/05/2018,Lunch & Transport," 1,224.00 ",,,,,
1597,07/05/2018,Health Care," 1,500.00 ",,,,,
1673,07/05/2018,Transport to School," 1,000.00 ",,,,,
1112,07/05/2018,School Fees," 4,820.00 ",,,,,
1638,04/05/2018,Toiletries Food Etc," 3,314.75 ",,,,,
1734,04/05/2018,School Related Requirements," 1,000.00 ",,,,,
1733,04/05/2018,School Related Requirements," 4,845.00 ",,,,,
1584,04/05/2018,2nd Term School Requirements," 2,025.00 ",,,,,
1732,03/05/2018,Various School Related Expenses," 7,364.00 ",,,,,
1731,03/05/2018,Various School Related Expenses," 20,545.80 ",,,,,
58,03/05/2018,Winter Clothing, 870.00 ,,,,,
1569,03/05/2018,Winter Clothing," 1,061.85 ",,,,,
504,03/05/2018,Health Services @ Mkhaya Clinic, 725.00 ,,,,,
1615,02/05/2018,Acquisition of Working Tools," 4,871.45 ",,,,,
1262,02/05/2018,Transport Fare for Term 2," 1,056.00 ",,,,,
1679,02/05/2018,Scholarship Travel Related Claims," 1,400.00 ",,,,,
1560,02/05/2018,Various School Related Requests," 3,175.98 ",,,,,
1676,30/04/2018,"Transport, Computer & Lunch Box"," 5,550.00 ",,,,,
1489,30/04/2018,Lunch box & Trnasport 2nd Term," 1,320.00 ",,,,,
1596,27/4/2018,School Fees," 5,478.00 ",,,,,
1596,27/4/2018,Uniform," 2,419.90 ",,,,,
1737,25/04/2018,Food & Clothes," 2,132.78 ",,,,,
1571,25/04/2018,Clothes & Sustenance," 4,000.00 ",,,,,
1738,24/04/2018,Clothes & Baby Food," 4,098.00 ",,,,,
778,24/04/2018,Winter Clothes & Phone," 3,619.66 ",,,,,
1694,23/04/2018,School Fees 2018," 9,090.00 ",,,,,
1693,23/04/2018,School Fees 2018," 9,090.00 ",,,,,
1692,23/04/2018,School Fees 2018," 6,940.00 ",,,,,
741,18/04/2018,Hospital Fees, 300.00 ,,,,,
710,18/04/2018,Taxi & Hospital Fees, 560.00 ,,,,,
1601,18/04/2018,Exam Fees Plus Invigilation Fee," 3,690.00 ",,,,,
1598,18/04/2018,2nd & 3rd Tem Fees @E4960/Term," 9,920.00 ",,,,,
886,17/04/2018,Transport Fare," 2,600.00 ",,,,,
844,17/04/2018,Transport Fare," 2,600.00 ",,,,,
860,17/04/2018,Transport Fare," 2,600.00 ",,,,,
1673,17/04/2018,Transport Fare," 1,000.00 ",,,,,
1562,16/04/2018,Sustenance Alloowance," 1,000.00 ",,,,,
952,10/04/2018,Educational Tour," 3,300.00 ",,,,,
1666,10/04/2018,Transport & Fees, 822.00 ,,,,,
1665,10/04/2018,School Fees," 1,655.00 ",,,,,
1675,04/04/2018,Transport Fare, 300.00 ,,,,,
1674,04/04/2018,Transport Fare, 600.00 ,,,,,
1669,04/04/2018,"Cosmetics, Food, Medical Expenses"," 4,095.35 ",,,,,
778,03/04/2018,Premises Rental, 520.00 ,,,,,
741,28/03/2018,Water Tank Purchase," 1,349.62 ",,,,,
736,28/03/2018,Water Tank Purchase," 1,349.62 ",,,,,
710,28/03/2018,Water Tank Purchase," 1,349.62 ",,,,,
1051,28/03/2018,Uniform, 410.00 ,,,,,
1597,28/03/2018,Application Fee, 600.00 ,,,,,
1699,27/03/2018,Uniform," 1,112.99 ",,,,,
1698,27/03/2018,Uniform," 1,279.95 ",,,,,
1686,27/03/2018,Study Papers, 750.00 ,,,,,
1426,23/03/2018,Sustanance Allowance, 805.00 ,,,,,
21,21/03/2018,Medical Expenses, 500.00 ,,,,,
1648,20/03/2018,Sustanance Allowance, 500.00 ,,,,,
1431,19/03/2018,Upgrading Classes," 1,277.38 ",,,,,
1447,19/03/2018,Uniforms & Lunch," 2,170.00 ",,,,,
1679,14/03/2018,Transport, 450.00 ,,,,,
1529,13/03/2018,Uniform," 1,459.88 ",,,,,
1586,13/03/2018,Salon Course," 2,600.00 ",,,,,
1593,09/03/2018,Track Suit, 385.00 ,,,,,
1592,09/03/2018,Toiletry, 415.00 ,,,,,
1591,09/03/2018,School Related Items, 553.00 ,,,,,
1584,09/03/2018,Uniform & Transport," 1,160.00 ",,,,,
588,08/03/2018,Exam Fees," 1,000.00 ",,,,,
1685,06/03/2018,Transport, 400.00 ,,,,,
1675,06/03/2018,Transport, 600.00 ,,,,,
1674,06/03/2018,Exam Fee & Transport," 1,954.00 ",,,,,
1561,06/03/2018,Uniform & Chest of drawers," 2,168.70 ",,,,,
1573,01/03/2018,Lunch," 1,910.00 ",,,,,
778,01/03/2018,Rent, 520.00 ,,,,,
1686,01/03/2018,Sustanance Allowance, 300.00 ,,,,,
1685,01/03/2018,Sustanance Allowance, 300.00 ,,,,,
1719,01/03/2018,Uniform & Clothing," 3,168.00 ",,,,,
1299,01/03/2018,Sports Track Purchase, 500.00 ,,,,,
1030,28/02/2018,Uniform," 3,500.00 ",,,,,
1513,27/02/2018,School Fees & Transport," 12,375.00 ",,,,,
232,27/02/2018,"Bag, Transport & Trip Expenses"," 1,150.00 ",,,,,
1360,26/02/2018,Lunch & Transport, 750.00 ,,,,,
1344,26/02/2018,Lunch & Transport, 800.00 ,,,,,
1426,26/02/2018,Transport & Sleeping mattress," 1,062.94 ",,,,,
1592,22/02/2018,Uniform, 635.00 ,,,,,
1591,22/02/2018,Uniform, 506.00 ,,,,,
192,22/02/2018,Sustanance Allowance," 3,000.00 ",,,,,
1570,21/02/2018,School Fees & Uniform," 3,234.95 ",,,,,
1676,21/02/2018,Transport & Groceries," 1,490.00 ",,,,,
1697,20/02/2018,Transport," 1,000.00 ",,,,,
1696,20/02/2018,Transport," 1,000.00 ",,,,,
1410,20/02/2018,"Fees, Stationery & Uniform"," 3,130.00 ",,,,,
1582,20/02/2018,Uniform, 811.93 ,,,,,
1581,20/02/2018,Uniform, 617.91 ,,,,,
1580,20/02/2018,Uniform, 591.93 ,,,,,
1579,20/02/2018,Uniform, 813.90 ,,,,,
1578,20/02/2018,Uniform, 691.95 ,,,,,
1577,20/02/2018,Uniform, 461.94 ,,,,,
1681,19/02/2018,Chemotherapy Fees," 8,665.58 ",,,,,
952,19/02/2018,Examination Fees," 1,435.00 ",,,,,
1668,16/02/2018,Full Withdrawal," 109,157.72 ",,,,,
1670,16/02/2018,Full Withdrawal," 80,637.81 ",,,,,
1590,16/02/2018,Stationary, 914.70 ,,,,,
1583,16/02/2018,Transport," 1,000.00 ",,,,,
1679,15/02/2018,Tertiary Registration & Transport, 410.00 ,,,,,
1572,14/02/2018,School Fees & Transport," 3,000.00 ",,,,,
1703,14/02/2018,Transport, 300.00 ,,,,,
1700,14/02/2018,Transport, 300.00 ,,,,,
1562,14/02/2018,Refrigerator," 4,699.00 ",,,,,
79,14/02/2018,clothing," 1,965.00 ",,,,,
84,14/02/2018,clothing," 3,415.00 ",,,,,
1638,13/02/2018,Sports Wear," 1,500.00 ",,,,,
1620,13/02/2018,School Fees & Transport," 8,300.00 ",,,,,
1675,12/02/2018,Transport, 600.00 ,,,,,
1674,12/02/2018,Transport, 600.00 ,,,,,
1673,12/02/2018,Transport, 600.00 ,,,,,
377,12/02/2018,Uniform, 721.93 ,,,,,
1705,12/02/2018,Uniforms & books," 6,980.17 ",,,,,
1669,09/02/2018,"Boarding, Trip & Tuition Fees"," 21,315.00 ",,,,,
1534,09/02/2018,Lunch & Uniform," 1,629.90 ",,,,,
762,08/02/2018,School Fees," 10,189.98 ",,,,,
1681,08/02/2018,Medical Subs," 23,544.00 ",,,,,
891,08/02/2018,Furniture Purchase," 39,399.60 ",,,,,
1679,08/02/2018,Transport & Application Fees," 1,000.00 ",,,,,
778,08/02/2018,Rental & Hairdressing Course Fees," 3,320.00 ",,,,,
1590,06/02/2018,School Related Expenses," 3,871.00 ",,,,,
1569,05/02/2018,School Related Expenses," 2,400.00 ",,,,,
1686,01/02/2018,Books & Other Accessories," 2,553.40 ",,,,,
1685,01/02/2018,Books & Other Accessories, 998.00 ,,,,,
1700,31/01/2018,School Uniform," 1,580.00 ",,,,,
1703,31/01/2018,School Related Expenses," 6,244.00 ",,,,,
844,31/01/2018,School Related Expenses, 200.00 ,,,,,
886,31/01/2018,School Related Expenses, 336.00 ,,,,,
860,31/01/2018,School Related Expenses, 436.00 ,,,,,
1704,31/01/2018,School Uniform," 1,280.00 ",,,,,
1597,31/01/2018,Tertiary Institutions application Fee," 1,900.00 ",,,,,
1576,30/01/2018,School Bag, 250.00 ,,,,,
1575,30/01/2018,School Bag, 250.00 ,,,,,
1574,30/01/2018,School Related Requirements, 100.00 ,,,,,
1573,30/01/2018,School Fees," 2,080.00 ",,,,,
1665,30/01/2018,School Fees," 1,755.00 ",,,,,
1210,30/01/2018,School Requirements," 2,530.00 ",,,,,
1644,30/01/2018,Medication, 372.00 ,,,,,
79,29/01/2018,Regular Monthly Update, 940.00 ,,,,,
1699,29/01/2018,Bus Fare," 2,250.00 ",,,,,
1698,29/01/2018,Bus fare," 2,250.00 ",,,,,
1673,29/01/2018,Laptop acquisition," 4,999.99 ",,,,,
1706,29/01/2018,Pre-School Related Expenses," 23,050.00 ",,,,,
1494,29/01/2018,School Fees," 2,611.00 ",,,,,
736,29/01/2018,Top Up Fees, 400.00 ,,,,,
741,29/01/2018,Top Up Fees, 400.00 ,,,,,
1648,29/01/2018,School Fees & Uniform," 4,250.00 ",,,,,
1645,25/01/2018,School Related Expenses," 3,000.00 ",,,,,
1647,25/01/2018,School Fees," 3,500.00 ",,,,,
1687,25/01/2018,School Related Expenses," 9,310.00 ",,,,,
1638,25/01/2018,School Related Expenses," 24,385.00 ",,,,,
1681,25/01/2018,Medical Fees," 64,576.96 ",,,,,
1344,25/01/2018,School Fees, 900.00 ,,,,,
1360,25/01/2018,Uniforms," 1,389.99 ",,,,,
1706,25/1/2018,Payment Reversal to Rainmaker," 6,000.00 ",,,,,
1344,25/01/2018,Uniforms," 1,287.98 ",,,,,
1711,24/01/2018,Uniform," 16,028.35 ",,,,,
1710,24/01/2018,Fees & Uniform," 5,459.70 ",,,,,
1709,24/01/2018,Uniform," 1,520.56 ",,,,,
1697,24/01/2018,Fees & Uniform Expenses," 6,663.95 ",,,,,
1696,24/01/2018,Fees & Uniform Expenses," 7,488.95 ",,,,,
1699,24/01/2018,School Uniform," 1,179.00 ",,,,,
1698,24/01/2018,School Uniform, 725.00 ,,,,,
1072,24/01/2018,School Fees," 1,000.00 ",,,,,
1067,24/01/2018,School Fees," 1,500.00 ",,,,,
1685,24/01/2018,Uniforms, 880.00 ,,,,,
1595,24/01/2018,School Related Expenses," 2,764.98 ",,,,,
551,24/01/2018,School Fees & Building Fund," 2,999.00 ",,,,,
905,24/01/2018,School Uniforms," 2,366.98 ",,,,,
926,24/01/2018,Uniforms, 818.90 ,,,,,
910,24/01/2018,Uniforms," 1,182.89 ",,,,,
1360,24/01/2018,Lunch & Transport, 650.00 ,,,,,
1344,24/01/2018,Lunch & Transport, 800.00 ,,,,,
1615,24/01/2018,Medical & Top Up Fees," 3,300.00 ",,,,,
382,24/01/2018,School Fees," 2,500.00 ",,,,,
1566,24/01/2018,School Related Expenses," 9,275.00 ",,,,,
1299,23/1/2018,School Fees," 5,299.00 ",,,,,
1299,23/1/2018,Grasshopper, 600.00 ,,,,,
1299,23/1/2018,Soccer Boots, 649.00 ,,,,,
1583,23/01/2018,School Fees," 6,592.00 ",,,,,
1607,22/01/2018,Final Withdrawal, 217.00 ,,,,,
1606,22/01/2018,Uniform," 1,114.93 ",,,,,
1608,22/01/2018,Uniform, 964.94 ,,,,,
1669,22/01/2018,School Related Expenses," 9,808.00 ",,,,,
839,22/01/2018,Transfer of Balance to close account," 1,598.92 ",,,,,
1674,22/01/2018,Book fee," 3,800.30 ",,,,,
1678,22/01/2018,School Uniform," 1,640.00 ",,,,,
567,22/01/2018,School Related Expenses," 11,862.00 ",,,,,
1004,22/01/2018,School Related Expenses," 5,048.00 ",,,,,
1608,22/01/2018,School Fees for Sister, 784.85 ,,,,,
1606,22/01/2018,School Fees for Sister, 784.85 ,,,,,
1670,19/01/2018,University Tuition Fees," 14,625.00 ",,,,,
1562,19/01/2018,University Related Expenses," 3,000.00 ",,,,,
530,19/01/2018,School Related Expenses," 14,400.00 ",,,,,
736,19/01/2018,School Related Expenses," 9,128.00 ",,,,,
1426,19/01/2018,School Related Expenses," 2,008.90 ",,,,,
1582,19/01/2018,School Related Expenses," 7,165.00 ",,,,,
1581,19/01/2018,School Related Expenses," 6,788.00 ",,,,,
1580,19/01/2018,School Rtelated Expenses," 3,405.00 ",,,,,
1579,19/01/2018,School Related Expenses, 605.00 ,,,,,
1578,19/01/2018,School Related Expenses," 4,835.00 ",,,,,
1577,19/01/2018,School Related Expenses," 3,405.00 ",,,,,
1299,19/01/2018,School Related Expenses," 6,548.00 ",,,,,
1529,19/01/2018,School Related Expenses," 6,245.86 ",,,,,
1671,19/01/2018,School Related Expenses," 2,520.00 ",,,,,
572,19/01/2018,School Related Expenses," 30,096.00 ",,,,,
1584,18/01/2018,School Related Expenses," 8,093.76 ",,,,,
314,18/01/2018,School Top Up Fees," 2,442.97 ",,,,,
1571,18/01/2018,School Related Expenses," 5,450.00 ",,,,,
799,18/01/2018,School Related Expenses," 4,000.00 ",,,,,
783,18/01/2018,School Related Expenses," 4,000.00 ",,,,,
290,18/01/2018,School Related Expenses," 3,690.00 ",,,,,
593,18/01/2018,School Uniform," 1,910.00 ",,,,,
588,18/01/2018,School Uniform," 2,080.00 ",,,,,
1088,17/01/2018,School Related Expenses, 170.00 ,,,,,
968,17/01/2018,School Related Expenses," 6,790.00 ",,,,,
1088,17/01/2018,School Related Expenses," 2,416.37 ",,,,,
16,17/01/2018,School Related Expenses," 1,745.97 ",,,,,
21,17/01/2018,School Related Expenses," 1,259.99 ",,,,,
1636,17/01/2018,School Related Expenses," 1,150.00 ",,,,,
1637,17/01/2018,School Related Requirements," 3,760.00 ",,,,,
192,17/01/2018,Personl Expenses," 7,000.00 ",,,,,
628,17/01/2018,School Related Expenses," 2,029.66 ",,,,,
1675,17/01/2018,School Related Expenses," 1,451.96 ",,,,,
1674,17/01/2018,School Related Expenses," 11,640.00 ",,,,,
1658,17/01/2018,School Related Expenses, 610.94 ,,,,,
314,17/01/2018,School Related Expenses, 980.00 ,,,,,
1606,17/01/2018,School Related Payments," 1,114.93 ",,,,,
1608,17/01/2018,School Related Payments, 964.94 ,,,,,
1607,17/01/2018,School Related  Expenses, 217.00 ,,,,,
1112,17/01/2018,School Related Payments," 8,784.72 ",,,,,
1686,15/01/2018,Study Materials," 1,109.00 ",,,,,
1623,15/01/2018,"Bag, Shoes, Shirt Trouser", 586.00 ,,,,,
1622,15/01/2018,Bag & Shoes, 458.99 ,,,,,
736,15/01/2018,"Transport, Lunch Box & Uniform"," 5,380.00 ",,,,,
710,15/01/2018,"Transport, Books & Bag"," 2,911.00 ",,,,,
741,15/01/2018,"Uniform, Transport & Lunch box"," 3,500.00 ",,,,,
696,15/01/2018,School Related Payments," 10,318.95 ",,,,,
680,15/01/2018,School Related Payments," 2,719.57 ",,,,,
670,15/01/2018,School Related Payments, 897.33 ,,,,,
1595,15/01/2018,Uniform and bag, 875.00 ,,,,,
1681,15/01/2018,Medical bills for Op," 61,722.41 ",,,,,
1339,12/01/2018,School Fees," 3,380.10 ",,,,,
1670,12/01/2018,Monthly Allowance," 3,500.00 ",,,,,
1669,12/01/2018,Allowance & Trip Money," 6,000.00 ",,,,,
1668,12/01/2018,Monthly Allowance," 3,500.00 ",,,,,
1643,12/01/2018,Sustenance Allowance," 2,000.00 ",,,,,
1676,12/01/2018,School Related Requests," 9,700.10 ",,,,,
1615,12/01/2018,School Related Requests," 1,950.00 ",,,,,
1339,12/01/2018,School Related Requests," 5,515.00 ",,,,,
1489,12/01/2018,School Related Requests," 3,156.90 ",,,,,
1616,12/01/2018,School Related Requests," 2,650.00 ",,,,,
1684,12/01/2018,School Related Requests, 892.00 ,,,,,
1683,12/01/2018,School Related Requests, 639.00 ,,,,,
757,12/01/2018,School Related Requests," 19,140.00 ",,,,,
1640,12/01/2018,School Related Requests," 1,271.50 ",,,,,
1639,12/01/2018,School Related Requests," 1,271.50 ",,,,,
63,11/01/2018,School Uniform & Transport," 6,119.95 ",,,,,
1686,11/01/2018,School Uniforms, 850.00 ,,,,,
1685,11/01/2018,School Uniforms, 865.00 ,,,,,
1600,11/01/2018,Driving Lessons," 3,000.00 ",,,,,
1598,11/01/2018,School Fees," 4,960.00 ",,,,,
1599,11/01/2018,School Fees," 14,880.00 ",,,,,
1601,11/01/2018,Schools Fees," 6,400.00 ",,,,,
952,11/01/2018,School Fees," 4,900.00 ",,,,,
1678,11/01/2018,School Fees & Uniform," 6,408.00 ",,,,,
593,11/01/2018,School Fees & Transport Fare," 18,600.00 ",,,,,
588,11/01/2018,School Fees & Transport Fare," 20,100.00 ",,,,,
1592,11/01/2018,Fees & Transport," 1,400.00 ",,,,,
1241,11/01/2018,Transport 7 Uniform," 3,759.99 ",,,,,
1625,11/01/2018,School Fees, 500.00 ,,,,,
1621,11/01/2018,School Fees, 500.00 ,,,,,
1624,11/01/2018,School Fees, 556.00 ,,,,,
58,10/01/2018,School Related Payments," 16,139.60 ",,,,,
633,10/01/2018,Stationery Requirements," 1,062.18 ",,,,,
1149,10/01/2018,School Related Payments," 1,463.88 ",,,,,
1615,10/01/2018,School Related Payments," 1,389.00 ",,,,,
1262,10/01/2018,School Related Payments," 3,909.46 ",,,,,
490,10/01/2018,School Fees & Uniform," 10,507.00 ",,,,,
1257,10/01/2018,School Fees & Uniform," 3,345.00 ",,,,,
1675,10/01/2018,School Fees Payment," 7,262.00 ",,,,,
520,10/01/2018,School Fees Payment," 2,200.00 ",,,,,
480,10/01/2018,School Fees Payment," 6,673.00 ",,,,,
994,10/01/2018,School Related Payments," 2,014.14 ",,,,,
989,10/01/2018,School Related Payments, 893.69 ,,,,,
1561,10/01/2018,School Related Payments," 8,965.00 ",,,,,
1611,10/01/2018,School Related Payments," 2,946.75 ",,,,,
84,10/01/2018,Monthly Allowance," 1,240.00 ",,,,,
79,10/01/2018,Monthly Allowance," 1,240.00 ",,,,,
58,10/01/2018,Monthly Allowance, 300.00 ,,,,,
1587,08/01/2018,Driving Lessons," 4,000.00 ",,,,,
1588,08/01/2018,Uniform, 862.00 ,,,,,
1649,08/01/2018,School Related Expenses," 2,740.00 ",,,,,
1595,08/01/2018,School Fees Deposit Refunded," 2,000.00 ",,,,,
1595,08/01/2018,School Related Expenses," 13,300.00 ",,,,,
1051,08/01/2018,School Related Expenses," 1,400.00 ",,,,,
309,08/01/2018,School Related Expenses," 1,660.00 ",,,,,
1386,08/01/2018,School Related Expenses," 7,774.64 ",,,,,
1589,08/01/2018,School Related Expenses, 563.00 ,,,,,
1627,08/01/2018,School Related Expenses," 1,500.00 ",,,,,
823,08/01/2018,School Related Expenses," 5,956.00 ",,,,,
187,08/01/2018,Personal Expenses," 2,907.78 ",,,,,
1133,08/01/2018,School Related Expenses," 5,986.50 ",,,,,
1128,08/01/2018,School Related Expenses," 5,986.50 ",,,,,
1391,14/12/2017,School Fee/ Exam," 5,020.00 ",,,,,
1391,14/12/2017,Transport/ Lunch," 5,670.00 ",,,,,
1625,15/12/2017,School Fees," 1,011.00 ",,,,,
1624,15/12/2017,School Fees," 1,011.00 ",,,,,
1621,15/12/2017,School Fees," 1,011.00 ",,,,,
1587,13/11/2017,Clothes ," 1,000.00 ",,,,,
1588,13/11/2017,Clothes ," 1,000.00 ",,,,,
1589,13/11/2017,Clothes ," 1,000.00 ",,,,,
1630,12/12/2017,School Requisites," 1,435.00 ",,,,,
1629,12/12/2017,School Requisites," 1,460.00 ",,,,,
1628,12/12/2017,School Requisites," 1,460.00 ",,,,,
1658,11/12/2017,Special Request/Clothing," 2,000.00 ",,,,,
1658,11/12/2017,School Fees 2018," 3,000.00 ",,,,,
633,11/12/2017,School Fees & Uniform," 15,473.90 ",,,,,
886,11/12/2017,School Related Requirements," 1,704.95 ",,,,,
844,11/12/2017,School Related Requirements," 1,725.91 ",,,,,
860,11/12/2017,School Related Requirements," 1,885.91 ",,,,,
870,11/12/2017,School Related Requirements," 5,239.92 ",,,,,
187,11/12/2017,Rent & Food," 2,000.00 ",,,,,
1020,11/12/2017,School Related Expenses," 9,200.00 ",,,,,
1605,11/12/2017,School Fees & Pocket Money, 437.75 ,,,,,
1604,11/12/2017,School Fees & Pocket Money, 800.00 ,,,,,
1593,05/12/2017,Sutenance, 365.00 ,,,,,
1592,05/12/2017,Sustenance, 365.00 ,,,,,
1591,05/12/2017,Sustenance, 365.00 ,,,,,
1550,05/12/2017,School Fees & Uniform," 10,680.00 ",,,,,
1508,05/12/2017,University Registration," 5,000.00 ",,,,,
628,04/12/2017,Clothing," 1,929.05 ",,,,,
1648,30/11/2017,SEC Units, 200.00 ,,,,,
1648,28/11/2017,Sustenance Allowance, 800.00 ,,,,,
1615,28/11/2017,School Transport," 6,300.00 ",,,,,
710,27/11/2017,Clothes," 3,929.74 ",,,,,
736,27/11/2017,Clothes," 1,085.90 ",,,,,
741,27/11/2017,Clothes," 1,369.89 ",,,,,
1576,20/11/2017,Uniforms, 863.98 ,,,,,
1575,20/11/2017,Uniforms, 65.99 ,,,,,
1574,20/11/2017,Uniforms, 65.00 ,,,,,
1573,20/11/2017,Uniforms, 85.99 ,,,,,
1562,14/11/2017,Transport & Living Expenses, 900.00 ,,,,,
1588,13/11/2018,As at 13/11/2017," 1,000.00 ",,,,,
1587,13/11/2018,As at 13/11/2017," 1,000.00 ",,,,,
1589,13/11/2018,As at 13/11/2017," 1,000.00 ",,,,,
1615,10/11/2017,Graduation Ceremony & Fees," 5,620.00 ",,,,,
633,10/11/2017,U-TECH Entry Deposit," 1,100.00 ",,,,,
1595,01/11/2017,Clearing School Fees Balance," 2,854.00 ",,,,,
187,31/10/2017,Urgent Needs," 3,650.00 ",,,,,
870,30/10/2017,School Fees Balance," 2,161.00 ",,,,,
187,26/10/2017,Food & Rent," 1,940.00 ",,,,,
1576,26/10/2017,"School Shoes, Soaps & School Closing Festivities"," 1,890.00 ",,,,,
1575,26/10/2017,"School Shoes, Soaps & School Closing festivities", 412.50 ,,,,,
1574,26/10/2017,School Shoes & Graduating outfit, 772.50 ,,,,,
1573,26/10/2017,"School Shoes, Soaps & School Closing festivities", 352.50 ,,,,,
1644,26/10/2017,Various Sustenance Related Payments," 1,859.55 ",,,,,
520,20/10/2017,Uniforms, 806.00 ,,,,,
1597,19/10/2017,Clothing," 1,500.00 ",,,,,
1670,13/10/2017,Limkokwing Fees," 5,025.00 ",,,,,
1615,11/10/2017,Attachment Fees," 9,000.00 ",,,,,
1051,10/10/2017,Uniform Requirements," 1,379.94 ",,,,,
1615,05/10/2017,School Related Requirements," 1,200.00 ",,,,,
1615,05/10/2017,Study Permit," 5,530.00 ",,,,,
1562,05/10/2017,Sustenance Allowance," 1,000.00 ",,,,,
1624,05/10/2017,School Related Requirements, 899.00 ,,,,,
1625,05/10/2017,School Related Requirements, 899.00 ,,,,,
1621,05/10/2017,School Related Needs, 919.99 ,,,,,
1626,05/10/2017,School Requirements," 5,049.92 ",,,,,
171,02/10/2017,School Related Items, 799.98 ,,,,,
166,02/10/2017,School Related Items, 655.98 ,,,,,
124,02/10/2017,School Related Items, 509.99 ,,,,,
886,02/10/2017,Rainjacket, 89.99 ,,,,,
870,02/10/2017,Rainjacket, 89.99 ,,,,,
860,02/10/2017,Rainjacket, 89.99 ,,,,,
844,02/10/2017,Rainjacket, 89.99 ,,,,,
1644,25/09/2017,Water & Electricity, 708.65 ,,,,,
1072,21/09/2017,School Fees," 1,000.00 ",,,,,
680,20/09/2017,Past Exam Papers," 1,124.55 ",,,,,
670,20/09/2017,Past Exam Papers," 1,124.55 ",,,,,
1656,20/09/2017,Bus Fare," 1,000.00 ",,,,,
1615,20/09/2017,Grade 1 Deposit, 500.00 ,,,,,
187,20/09/2017,"Rent, Food & Clthes"," 3,470.00 ",,,,,
1653,20/09/2017,Full withdrawal of Benefits," 3,804.04 ",,,,,
1566,20/09/2017,School Related Expenses," 8,275.00 ",,,,,
741,15/09/2017,Refrigerator," 1,679.34 ",,,,,
736,15/09/2017,Refrigerator," 1,679.33 ",,,,,
710,15/09/2017,Refrigerator," 1,679.33 ",,,,,
696,13/09/2017,Past Exam Papers, 595.00 ,,,,,
1636,13/09/2017,School Related Expenses, 230.00 ,,,,,
1637,13/09/2017,School Related Expenses, 900.00 ,,,,,
1656,13/09/2017,Driving School Fees," 5,000.00 ",,,,,
1655,13/09/2017,Fees & Uniform, 908.98 ,,,,,
1004,11/09/2017,Third Term School Requisites, 702.00 ,,,,,
1513,08/09/2017,"Fees, Transport & Sports Fee"," 10,300.00 ",,,,,
1534,08/09/2017,Lunch Box, 650.00 ,,,,,
1529,08/09/2017,Transport Expenses," 1,300.00 ",,,,,
1604,07/09/2017,Lunch Box, 600.00 ,,,,,
1604,07/09/2017,Lunch Box, 500.00 ,,,,,
1584,07/09/2017,School Fees & Transport," 1,565.00 ",,,,,
192,07/09/2017,"Transport, Shoes & Toiletries"," 2,000.00 ",,,,,
1640,07/09/2017,Food & Transport," 1,100.00 ",,,,,
1639,07/09/2017,Food & Transport," 1,100.00 ",,,,,
1641,07/09/2017,School Fees," 3,745.60 ",,,,,
778,07/09/2017,Winter Clothes," 3,572.58 ",,,,,
1262,07/09/2017,Bus Fare for third term," 1,056.00 ",,,,,
1596,05/09/2017,Second Term Fees," 3,400.00 ",,,,,
1615,05/09/2017,Various Items," 6,875.82 ",,,,,
1670,01/09/2017,University Registration Fee," 15,461.30 ",,,,,
1571,31/08/2017,School Space Reservation & Clothes," 4,500.00 ",,,,,
1489,31/08/2017,Bus Fare & Pocket Money," 1,280.00 ",,,,,
973,28/08/2017,Uniform Purchase," 1,429.99 ",,,,,
187,28/08/2017,Food and Rent," 1,070.00 ",,,,,
1601,24/08/2017,Electricity Installation," 2,500.00 ",,,,,
1600,24/08/2017,Electricity Installation," 2,500.00 ",,,,,
1599,24/08/2017,Electricity Installation," 2,500.00 ",,,,,
1598,24/08/2017,Missed Clothes/Data Transaction 21/11/2022," 2,500.00 ",,,,,
1644,23/08/2017,Water & Electricity Payment, 708.65 ,,,,,
567,22/08/2017,Lunch Box & Transport Allowance," 2,244.00 ",,,,,
757,21/08/2017,Lungile Mthembu Tuition," 2,700.00 ",,,,,
1339,17/08/2017,School Fees," 3,300.00 ",,,,,
1626,17/08/2017,Farewell Trip," 1,000.00 ",,,,,
1658,11/08/2017,School Fees & Uniform," 2,508.00 ",,,,,
1562,10/08/2017,College basic Needs," 3,000.00 ",,,,,
989,10/08/2017,School Fees & Uniform," 2,530.00 ",,,,,
1644,08/08/2017,Water Bill, 633.65 ,,,,,
1590,03/08/2017,School Related Requirements," 2,000.00 ",,,,,
1575,02/08/2017,Local Trip, 180.00 ,,,,,
1576,02/08/2017,Local Trip, 220.00 ,,,,,
680,02/08/2017,Agric Trip, 350.00 ,,,,,
670,02/08/2017,Agric Trip, 350.00 ,,,,,
187,27/07/2017,Sustenance Allowance," 2,000.00 ",,,,,
1615,26/07/2017,Electricity Installation," 5,989.00 ",,,,,
340,26/07/2017,School Fees," 1,500.00 ",,,,,
1576,26/07/2017,Sustenance," 1,225.00 ",,,,,
1575,26/07/2017,Sustenance," 1,225.00 ",,,,,
1574,26/07/2017,Sustenance," 1,225.00 ",,,,,
1573,26/07/2017,Sustenance," 1,225.00 ",,,,,
42,21/07/2017,"Shoes, Bag & Trip"," 1,000.00 ",,,,,
1615,21/07/2017,Electricity Installation," 8,722.15 ",,,,,
530,21/07/2017,Sustenance," 3,000.00 ",,,,,
490,21/07/2017,Sustenance," 3,000.00 ",,,,,
16,18/07/2017,Medical Related Requests, 200.00 ,,,,,
1426,18/07/2017,Various School Related Requests," 1,600.91 ",,,,,
1605,11/07/2017,Educational Tour," 1,000.00 ",,,,,
1604,11/07/2017,Educational Tour, 800.00 ,,,,,
1584,11/07/2017,Durban Educational Tour," 3,366.30 ",,,,,
633,11/07/2017,Educational Tour," 1,981.00 ",,,,,
1615,07/07/2017,Educational Tour & Pocket Money," 3,350.00 ",,,,,
839,06/07/2017,Ad hoc Payment Request," 1,510.00 ",,,,,
778,04/07/2017,Winter Clothes," 5,729.99 ",,,,,
21,04/07/2017,Jersey & Belt, 111.98 ,,,,,
16,04/07/2017,Medical expenses, 871.98 ,,,,,
839,04/07/2017,Correcting error viz Nhlanhla Mlandvo Dlamini," 1,510.00 ",,,,,
